{
  "feature_names": [
    "age",
    "bmi",
    "height",
    "weight",
    "waist_circumference",
    "cardiac_arrest",
    "cardiac_arrest_duration",
    "respiratory_arrest",
    "respiratory_arrest_duration",
    "glasgow_score",
    "trauma",
    "heart_disease",
    "hypertension",
    "diabetes",
    "liver_disease"
  ],
  "pca_importance": [
    0.6136123400263657,
    0.909337190336444,
    0.7556789545775064,
    0.9751541305431727,
    0.914694046957017,
    0.8092907960645944,
    0.26193786544444797,
    0.7388971135526069,
    0.0614828359678295,
    0.748261866441217,
    0.4314683859795411,
    0.5426176643801495,
    0.535836241306749,
    0.4180182880569185,
    0.3388892934733036
  ],
  "random_forest_importance": [
    0.13903460334504275,
    0.08018140854410151,
    0.05821740015221796,
    0.09636684318241862,
    0.15779274651438238,
    0.05716558271746103,
    0.04285197820350559,
    0.03198200379770475,
    0.031804913341314425,
    0.1787701857545749,
    0.015336319409320755,
    0.04023257140478033,
    0.05259767996904121,
    0.012328711181464719,
    0.005337052482669113
  ],
  "gradient_boosting_importance": [
    0.2314014695010433,
    0.02911744101048304,
    0.010208160415731362,
    0.02437418492391994,
    0.21091510098702823,
    0.04348592781665862,
    0.06005340212164362,
    0.03248330769101765,
    0.02157405915820517,
    0.3153507387266031,
    0.0011704206887242579,
    0.0004630776618664289,
    0.018357204139815862,
    0.00013369424501754996,
    0.0009118109122419729
  ],
  "logistic_regression_importance": [
    0.6077802462134946,
    0.1491380646675262,
    0.40740619501514796,
    0.14627333249632102,
    0.33167812547568665,
    0.5408759642880052,
    0.15666991971984365,
    0.41280577259051593,
    0.20611659179524092,
    0.6444993341745057,
    0.12329427710565355,
    0.13528512064647266,
    0.5200405985790902,
    0.2472734633074225,
    0.34869846822787215
  ],
  "permutation_importance": [
    0.07948717948717945,
    0.0,
    0.007692307692307698,
    0.0,
    0.05384615384615386,
    0.010256410256410265,
    0.0051282051282051325,
    0.0,
    0.0,
    0.05384615384615386,
    0.0,
    0.0,
    0.03846153846153847,
    0.0,
    0.0
  ],
  "pca_explained_variance": [
    0.24134947382530555,
    0.17779171162765225
  ]
}
